[
    {
        "id": "1",
        "name": "Dr. Darren Elder",
        "title": "BDS, MDS - Oral & Maxillofacial Surgery",
        "image": "https://i.ibb.co/0cY48zY/doctor-01.jpg",
        "specialities": "Dentist",
        "address": "Newyork, USA",
        "price": "300",
        "rating": "32.2",
        "about": "student at American Dental Medical University.BDS, MDS - Oral & Maxillofacial Surgery."
    },
    {
        "id": "2",
        "name": "Dr. Richard Wilson",
        "title": "BDS, MDS - Oral & Maxillofacial Surgery",
        "image": "https://i.ibb.co/bb1QHfp/doctor-02.jpg",
        "specialities": "Urology",
        "address": "Newyork, USA",
        "price": "200",
        "rating": "32.3",
        "about": "student at American Dental Medical University.BDS, MDS - Oral & Maxillofacial Surgery."
    },
    {
        "id": "3",
        "name": "Dr. Wilson",
        "title": "BDS, MDS - Oral & Maxillofacial Surgery",
        "image": "https://i.ibb.co/PTmLb4y/doctor-03.jpg",
        "specialities": "Neurology",
        "address": "Newyork, USA",
        "price": "400",
        "rating": "32.4",
        "about": "student at American Dental Medical University.BDS, MDS - Oral & Maxillofacial Surgery."
    },
    {
        "id": "4",
        "name": "Dr. Elder Goli",
        "title": "BDS, MDS - Oral & Maxillofacial Surgery",
        "image": "https://i.ibb.co/SR2vkNg/doctor-04.jpg",
        "specialities": "Orthopedic",
        "address": "Newyork, USA",
        "price": "500",
        "rating": "32.5",
        "about": "student at American Dental Medical University.BDS, MDS - Oral & Maxillofacial Surgery."
    },
    {
        "id": "5",
        "name": "Dr. Angelota",
        "title": "BDS, MDS - Oral & Maxillofacial Surgery",
        "image": "https://i.ibb.co/mSPWTBQ/doctor-05.jpg",
        "specialities": "Cardiologist",
        "address": "Newyork, USA",
        "price": "600",
        "rating": "32.6",
        "about": "student at American Dental Medical University.BDS, MDS - Oral & Maxillofacial Surgery."
    },
    {
        "id": "6",
        "name": "Dr. Markoto",
        "title": "BDS, MDS - Oral & Maxillofacial Surgery",
        "image": "https://i.ibb.co/0cY48zY/doctor-01.jpg",
        "specialities": "Dentist",
        "address": "Newyork, USA",
        "price": "700",
        "rating": "32.7",
        "about": "student at American Dental Medical University.BDS, MDS - Oral & Maxillofacial Surgery."
    },
    {
        "id": "7",
        "name": "Dr. Holita Mark",
        "title": "BDS, MDS - Oral & Maxillofacial Surgery",
        "image": "https://i.ibb.co/mSPWTBQ/doctor-05.jpg",
        "specialities": "Urology",
        "address": "Newyork, USA",
        "price": "800",
        "rating": "32.8",
        "about": "student at American Dental Medical University.BDS, MDS - Oral & Maxillofacial Surgery."
    },
    {
        "id": "8",
        "name": "Dr . Jhon Maich",
        "title": "BDS, MDS - Oral & Maxillofacial Surgery",
        "image": "https://i.ibb.co/SR2vkNg/doctor-04.jpg",
        "specialities": "Neurology",
        "address": "Newyork, USA",
        "price": "900",
        "rating": "32.9",
        "about": "student at American Dental Medical University.BDS, MDS - Oral & Maxillofacial Surgery."
    },
    {
        "id": "9",
        "name": "Dr. Michel Robin",
        "title": "BDS, MDS - Oral & Maxillofacial Surgery",
        "image": "https://i.ibb.co/PTmLb4y/doctor-03.jpg",
        "specialities": "Orthopedic",
        "address": "Newyork, USA",
        "price": "800",
        "rating": "33",
        "about": "student at American Dental Medical University.BDS, MDS - Oral & Maxillofacial Surgery."
    }
]